predictions_dev,predictions_test
druck tief,regen schnee region verschwinden regen koennen region stern koennen sehen
viel wolke auch koennen regen gewitter koennen,donnerstag nord regen region sonne wolke wechselhaft dann freitag aehnlich wetter
wind maessig schwach gewitter sturm koennen,kraeftig ab morgen frueh schnee schneien frost regen
mittwoch regen koennen nordwest nord stark wind,wochenende sonne samstag temperatur bis grad region region
jetzt wetter wieaussehen morgen freitag sechste mai zeigenbildschirm,deutsch land morgen hoch druck kommen wolke aufloesen verschwinden
dann stark schnee schneien,sonntag naechste nord wolke sonne wolke gewitter regen dabei
suedwest warm morgen schon frankreich region fuenfzehn bis zwanzig grad wochenende kommen warm,wahrscheinlich schauer gewitter stark
morgen daenemark ix zwanzig maximal dreissig grad,imverlauf bleiben kalt enorm schnee
schoen abend wuenschen,wochenende mehr kalt
morgen mal sonne speziell alpen,morgen auch herbst mischung hoch sonne
mal bisschen schnee nord mehr schnee,imverlauf nebel hoch nebel ix
nordwest auch teil ix regen,morgen lang
sued wolke kraeftig nebel,deutsch land druck unterschied
nacht fuenf grad see minus vier berg,region feucht region ix gewitter region
regen erst freitag nacht sued kommen regen,aehnlich wie heute sechs elf grad
nord wolke kalt sued,nord nacht anfang enorm regen gewitter dann wolke verschwinden
dresden ix berg null minus sechs nord negfrost neghaben mild,bis nacht inkommend dann kommen niederung
jetzt jetzt wetter wieaussehen morgen,jetzt wetter fuer morgen freitag fuenfzehn oktober
deutschland teil regen schwuel koennen frisch kuehl,nord see mehr wolke nord regen
sowieso stern koennen sehen,heute nacht sued bisschen klar himmel himmel bisschen nebel
wolke morgen koennen regen,nord stark regen moeglich gewitter
gefahr glatt besonders mitte region sued kalt,morgen ueberwiegend sonne
samstag regen berg regen teilweise umwandeln schnee schneien,samstag suedost regen nord dann wind stark sonst regen ix teilweise auch dabei
schoen wo meer region,donnerstag suedost weiter wechselhaft freundlich sonne
wind schwach maessig wehen,west nord verschwinden
tag dann sued suedost regen nach mittag ix auch gewitter,morgen ost suedost mischung sonne wolke teilweise regen gewitter
luft hoch deshalb sonne,temperatur null grad kalt nord minus fuenf grad
morgen zehn grad grad ober fluss,naechste woche luft warm mehr kuehl
hoch sonne deshalb grenze hoch tief,dienstag hauptsaechlich sonne aber wolke haben2 wechselhaft moeglich regen oder gewitter
freitag dann kommen regen ueberwiegend wind,sonntag nord regen nord wind
sonntag wahrscheinlich freundlich imverlauf west schnee schneien regen,sued region besser
besser nordwest sturm stark,donnerstag extrem wind region temperatur unterschied sechs bis
mischung nebel nebel sonne bleiben,auch samstag regen schnee schneien imverlauf west nordwest mehr freundlich
dienstag ruhig trocken wetter,suedwest ost minus sieben moeglich
wenn sued mehr freundlich,sued region koennen nacht frost boden
wuenschen schoen abend,tag berg sechs grad region dreizehn grad region
inkommend bleiben luft hoch kommen bedeuten nebel himmel sonne mischung,jetzt morgen wetter wieaussehen morgen fuenfzehn oktober
morgen dreizehn region vier zwanzig grad passen fast sommer,heute nacht plus vier nord minus vier
montag auch wechselhaft und mehr kuehl,jetzt morgen wetter wieaussehen dreizehn oktober
frankreich sonntag kommen ost bayern west regen,west freundlich
wehen schwach maessig maessig,auch donnerstag
sued mehr ruhig freundlich bisschen mild,freitag viel wolke
lieb zuschauer gut abend,suedost schnee koennen
sommer zweitausend mehr fast vorbei deutsch land bisschen mehr wenig sonne,ost viel sonne west regen fluss region kueste
schwach maessig ix schwach ix west stark sturm,gewitter nur west risiko jedentag gewitter
tag viel wolke nebel bleiben trocken sonne moeglich,morgen vor mittag nord stark wind schwach
sued sued bekommen regen,obwohl sonst region frost
freundlich,besonders kalt suedost
sued wind schwach nord maessig frisch regen kueste berg teil,morgen wetter wieaussehen sonntag zwoelf juli juli
bayern wald heute nacht minus fuenf fuenf grad,heute nacht sinken bis sechs grad
morgen zwei grad region fluss neun grad,morgen koennen siebzehn region fuenf zwanzig region
morgen mehr warm als heute,dienstag mittwoch sonne wolke wechselhaft regen typisch region schauer gewitter koennen
bis neunzehn grad koennen,wetter voraus informieren morgen dienstag februar
jetzt wieaussehen wetter morgen donnerstag vier zwanzig november,ost region freundlich spaeter nordwest auch sonne sonst region
nordwest wolke sonne kaum sh ix regen,schauer gewitter stark kuehl
donnerstag dann wieder wind wind anfang ix regen kommen gleich,region tagsueber dann wolke dann suedwest dann gewitter koennen
samstag hauptsaechlich sonne nord bisschen regen,wind schwach
jetzt wetter wieaussehen morgen oktober,gut schoen abend
koennen sonne koennen,west nord schauer ix
lieb zuschauer posseuch gut abend,wehen region frisch sturm regen
hoch tief kommen wolke kommen,morgen samstag fuenfte dezember wieaussehen wetter
west west region nach besser sonne moeglich,wetter ruhig dann morgen tief kommen
morgen west tief kommen ost kommen regen,wolke regen wenn berg ix auch schnee schneien
regen gewitter stark,sonntag mehr mild viel wolke regen wind
nordwest freundlich,montag dienstag wechselhaft mal auch sonne
jetzt ix regen gewitter koennen stark,heute nacht locker wolke oder klar stern sehen nord wolke
tag sonne wolke wolke wechselhaft teilweise auch lang sonne,morgen tatsaechlich regen gewitter auch koennen
regen,samstag freundlich trocken dann mehr warm
suedost schoen rest negregion schon regen,sonntag wolke regen gewitter
gewitter suedwest bismorgen abend kommen,ix meer schwer sturm
morgen gewitter meistens wo suedost brand brand burg nord,dasistes nacht bis acht frost
west langsam verschwinden,morgen wetter wieaussehen erste april
wind kueste auch,nacht tief kommen auch kuehl aufziehen morgen wechselhaft wetter
heute nacht vierzehn grad nord maximal null,freitag sonne wolke wechselhaft regen koennen ix sonne lang
region bis freitag meistens wetter freundlich sonne temperatur steigen,mischung nebel aufloesen wolke sonne
morgen sonst region minus fuenf zwischen eins zwischen,montag anfang wechselhaft mehr kuehl
wind maessig frisch kueste ix stark wenn gewitter sturm koennen moeglich,schon grad sued auch warm hier deutsch land suedwest fuenf zwanzig
dazu morgen nord region wetter wechselhaft sonntag auch mitte,donnerstag mehr warm
region so,nach mittag bisschen regen nord
montag nord region regen region imverlauf imverlauf region regen,schwach nord wind wehen kueste schwer sturm sturm
regen dann mittwoch regen donnerstag stark kommen,donnerstag wechselhaft freitag freundlich
speziell suedost koennen ort unwetter regen hagel sturm koennen,schwach wehen wehen wehen nord wehen moeglich
normal wind leicht maessig kommen,wind schwach verschieden wehen
jetzt wetter morgen morgen freitag fuenf dezember,montag wechselhaft mal sonne wolke besonders region schauer gewitter
ost region sonne mehr warm maximal sechs zwanzig sued maximal sieben zwanzig grad,wind schwach wind zeigenbildschirm
region mehr wolke fluss moeglich aber imverlauf,suedwest mehr trocken
kuehl sieben grad allgaeu sechszehn nord,morgen achtzehn nord dann sechs zwanzig region
sturm wind tagsueber dabei,wind
ihr wuenschen abend machen gut,sonntag wieder schlechter wechselhaft
montag meistens tief druck region luft meer luft kommen,dann regen ost region mild fuenfzehn sechszehn
morgen wetter super fuenf neghaben fuenf grad nordost mild wo,jetzt wetter voraus informieren morgen dienstag zwanzig juni
nacht nord mehr auch kueste orkan,mild grad nur acht grad
tag schwach maessig wehen nord nordost frisch maessig wehen nord stark wehen,hoch temperatur warm dreissig grad frisch achtzehn grad
freundlich bleiben region bisschen regen,normal angenehm angenehm ja dann west donnerstag nord regen sturm wehen koennen
schoen abend,mild wehen ich
mittwoch wechselhaft,morgen wetter wieaussehen dienstag neunzehn april
montag weiter wechselhaft,morgen ort regen besonders suedost auch gewitter hauptsaechlich regen und unwetter moeglich
rest region sonne wolke nur ort bisschen regen,heute nacht meistens wolke ort ort regen
heute nacht sieben sonst region zwischen eins,nordost nordost mehr wolke regen
dann wind stark wehen stroemen sturm orkan kueste koennen,freitag wenn wolke neben aufloesen sonne
ab montag dasistes deutsch kommen einfluss regen,nordwest morgen zwanzig bis drei zwanzig grad region zwanzig bis neun zwanzig grad
wind dann schnee stufenweise stufenweise grenze,tief kommen mild
nordwest schnee bisschen koennen,boden kalt beruhigen plus steigen
,nebel diese bild
gut abend lieb zuschauer,kaum schnee auftauchen aber ausnahme achtung meer
fruehling wetter morgen warm,mild minus vier bis minus sieben
woher warm,hallo gut abend lieb zuschauer begruessen
schoen abend wuenschen machen gut wuenschen,morgen suedost suedost wirklich heute ungefaehr nordwest wolke mehr
hoffen jetzt jetzt nord verlaufen verschwinden,umstellen reduzieren kuehl besonders samstag sonntag
morgen schauer nord gewitter,kommen tief druck deshalb deutschland haben kalt regen
jetzt wetter wieaussehen morgen sonntag zehnte januar,alpen nacht sechs maximal fuenfzehn fluss
morgen wetter wieaussehen mittwoch zwoelf mai,aehnlich wetter donnerstag
tag dann nord region regen freundlich,freitag suedwest sonne
samstag nord suedost regen aber gleich zeit wind,regen
gerade rheinpfalz region saarland nordrheinwestfalen,region mehr freundlich hoch druck kommen bis region
immoment gewitter deutsch wetter dienst warnung schon fertig bekanntgeben,dienstag west freundlich schauer gewitter
sued wahrscheinlich hoch druck ruhig freundlich herbst,hoch wasser gefahr dienst warnung unwetter
auch samstag naechste gleich hoch ix kommen mehr kuehl,suedost region verschwinden langsam imverlauf
wind schwach wehen wehen,ix morgen drei fluss bis drei grad
region sechs kalt minus vier,freitag sonne wolke sued anfang regen
morgen wert eifel achtzehn bis sechs zwanzig land,aber sonne morgen meistens regen tag imverlauf kommen
sonne ueberall ueberall kueste region wolke moeglich regen negviel,regen west warm kommen
trocken enorm,deutschland nachmittag luft regen vierhundert achthundert hoehe ueber schnee
abend wuenschen,regen berg schnee nord region anfang kommen
tief schwach morgen soll einfluss sued,jetzt wetter wieaussehen morgen mittwoch achte september
wind schwach wehen,nord wind frisch ix wehen ix wehen imverlauf spaeter nord
mittwoch west acht sechszehn,donnerstag west besonders sued suedost regen ix
nebel kalt,sonntag ueberwiegend ost sued schauer gewitter region freundlich
wolke region schaffen nur nordwest kommen,naechste woche kuehl abwechseln wetter
sued schwach wehen ix maessig kueste wind frisch sturm,morgen tag kueste region zehn grad bayern region vier grad
nacht teil boden frost,dann neu wolke kommen wolke stroemen nach mittag morgen regen wind
wieaussehen morgen samstag siebte august,deutsch land tief kommen imverlauf tag nebel bisschen regen
morgen meistens sonne,heute nacht oder schnee schneien
nord moeglich wolke,nord nordost mit schnee schneien
region wehen sued viel frisch ix bisschen sturm berg sturm orkan,wind schwach maessig unten kommen ix
heute nacht region stern koennen sehen bis minus zwei zwanzig grad,morgen sieben ix nur minus eins
wind maessig wehen,kalt luft bleiben bis freitag
west region heute nacht fuenf grad region hauptsaechlich frost moeglich glatt vorsicht,nord wind schwach unterschied sonst maessig
heute nacht temperatur minus fuenf minus siebzehn wenn klar,wenn berg unten berg frisch wind
tag minus sieben nord null,anfang woche wieimmer so
warm luft tatsaechlich warm naechstewoche kalt,wetter wieaussehen morgen montag achtzehn april
ost sued berlin sued grad bis acht zwanzig grad,sonne wolke bisschen regen
jetzt wetter wieaussehen morgen sonntag sieben zwanzig september,heute nacht kueste regen sued auch langsam aufloesen
nur nord bisschen wolke,nordwest regen schnee hagel
heute nacht nord zwoelf land ix vier grad,wochenende bleiben tauen dazu regen bleiben
morgen tag achtzehn maximal drei zwanzig grad,wetter morgen samstag zwanzig dreissig zwanzig oktober
tag teil nur eins grad nord see,region nebel neghaben sonne
imverlauf herbst,west region imverlauf morgen wolke bleiben trocken regen neghaben
sonntag schnee wenig nord moeglich sonne,sued wolke kommen bisschen ix koennen klar locker
tag suedost schnee schneien flach auch schnee schneien,nordwest nebel
nordwest regen verschwinden,nebel verschwinden morgen meistens sonne
sonntag teil freundlich trocken minus fuenf zwischen maximal grad,region druck kommen skandinavien darum kommen freundlich
imverlauf schnee umkehren regen aber eis regen vorsicht strasse glatt moeglich,ost sieben grad fluss
morgen tag imverlauf suedwest region bleiben so schnee,samstag viel sonne besonders region kueste wolke koennen
schwach,sued bisschen regen moeglich
nacht rhein acht grad alpen minus sechs,wenn nebel tag aufloesen sonne
morgen sonne wolke wechselhaft nord region sonne oft,sued regen ix bisschen kommen
ix regen nacht gewitter koennen,nord schwach maessig ix wehen region verschieden wehen
nordost bisschen regen abend,auch dabei schnee schneien
einpaar harmlos nebel auch klar,nord trocken ix
heute nacht minus nord mitte minus eins zwanzig grad,morgen ix schnee schneien schnee schneien
inkommend tag bleiben kalt europa ungefaehr null zwischen meer zehn bis,samstag besser
jetzt wetter wieaussehen morgen samstag zweite oktober,aber naechste sonntag ix region kalt
ix dann schnee koennen nacht nord regen flach,schoen abend ausrichten
gut abend lieb zuschauer posseuch,teil auch klar
mild nord aber zwoelf zwischen vierzehn sued vierzehn maximal sechszehn,suedost tatsaechlich stark gewitter
sonne wolke wechselhaft bisschen schauer suedwest besonders sonne moeglich,heute nacht dreizehn zwischen achtzehn grad mild
heute nacht dreizehn nord alpen,region besonders sued berg warm gewitter
amtag dreizehn dreizehn ost eins zwanzig fluss,moeglich regen auch enorm
dann kommen regen stark mit gewitter,fuer nacht wetter besser
imverlauf ueberall wechselhaft moeglich schnee,samstag teil schnee moeglich nord region klar himmel
jetzt wetter wieaussehen morgen dienstag neunte februar,heute nacht region w sachsen sonst region schnee schneien
wieaussehen samstag schnee schneien besonders nord sonne,vorsicht posssein achtung strasse glatt
heute nacht temperatur minus fuenf nord bis drei suedwest,heute nacht noch kalt hauptsaechlich region
plus sechs grad vor pommern bisschen frost,morgen frueh wind sued region moeglich schnee
dabei region trocken,freitag langsam ost regen
aber tagsueber ix mehr kuehl,samstag sonntag kuehl herbst so inkommend
montag viel region freundlich kueste suedost wolke teil regen,schoen abend tschuess
dienstag west mehr wolke schauer,nord see hoch deutsch land kommen
nordwest spaeter wolke dabei gewitter regen,auch samstag sonntag viel sonne dann temperatur steigen
mittwoch sinken kuehler kuehl wechselhaft sonne wolke schauer gewitter west,tag nordost sechszehn maximal sieben zwanzig grad
stern frost,wind schwach unterschied
stunde auch meistens regen erst west auch region,auch frisch ix wehen
und tag bleiben sechs grad bayern ix region auch sh ix,morgen spanien kommen dann freitag ueberwiegend schnee
dazwischen region mild neun bis vierzehn grad,besonders besonders nord suedost heute nacht koennen schnee
suedwest deutsch land bisschen feucht kommen ix moeglich regen gewitter wahrscheinlich,schoen abend posseuch machen gut
sonne jedentag grad,nacht zwoelf koeln region eins
schoen abend wuenschen,amtag vogel gefahr
auch bis abend wolke,heute nacht besonders regen regen
nacht teil wolke teil klar ix schauer gewitter,sauer land vier region zwoelf grad
jetzt wetter morgen freitag eins zwanzig mai,grad nord sechs thueringen sachsen klar
wetter wieaussehen morgen montag eins zwanzig februar,heute wetter morgen mittwoch zwanzig januar
amtag schnee fluss regen,morgen erwarten nocheinmal ruhig wetter ix trocken winter
nord kalt kommen zone dazwischen,wenn nebel trocken aber sued morgen sonne wolke kommen wolke bewegen
nord sued trocken ix,deutsch hier land suedost suedost hoch druck freundlich
zone regen teilweise schnee umwandeln gefrieren,nord nordost deutschland morgen diese los kommen deshalb sonne
neun grad region minus acht nordost,heute nacht stark nordwest regen gewitter stark regen koennen
freitag suedost sonne freitag dann mehr wolke regen koennen,gut abend lieb du zuschauer
nord suedost auch koennen regen gewitter koennen,einpaar stunde auch fuenf zentimeter hoehe schnee schneien
sonntag ueberwiegend sonne,ost suedost bisschen regen bis zwischenmitte schnee teil nebel wolke oder sonne
regen,mittwoch kommen regen region kommen
montag aehnlich wetter mehr warm,nebel sonne
montag ueberwiegend schauer ost gewitter sued lang freundlich,west und nord mehr trocken
suedost suedwest klar morgen vier bis neun grad,aber stark nebel himmel koennen nebel teilweise soll sonne dabei
region abend trocken,mehr freundlich
ix klar ix wolke dann teilweise bisschen dazwischen regen herz berg bayern,heute nacht wahrscheinlich regen nord
nord freundlich,suedost wind schwach maessig nord wehen frisch stark boee
jetzt wetter wieaussehen morgen sonntag sechs zwanzig september,freitag ruhig wetter besonders freundlich gleich samstag auch nur nord bisschen schnee schneien
heute nacht negkaum nur nord nordwest bisschen regen sonst region ruhig,lieb zuschauer gut abend
,wetter gestern orkan sturm orkan
heute nacht schnee nord sued,naechste regen ab donnerstag wahrscheinlich
morgen besonders besonders region west schnee koennen,kueste heute nacht sturm
wind kommen wehen dann mehr regen wehen witterung,morgen leicht leicht maessig wind region frisch kommen
jetzt wetter morgen dienstag sechste april,schoen abend noch ihr
wieaussehen wetter morgen mittwoch eins zwanzig oktober,dann auch tag viel sonne spaeter ix quell wolke
nacht west region regen,mittwoch donnerstag nord wind bleiben teil regen
wind wehen maessig wehen,vonunten nachnord mehr freundlich
nord nordwest mehr wolke,gut abend
schnee mehr kueste,nacht frost
morgen wieder wetter ruhig wetter wetter,jetzt wetter wieaussehen morgen dienstag fuenf zwanzig
nacht minus drei bis plus vier nord plus fuenf,morgen wetter wieaussehen donnerstag sieben zwanzig august
morgen zehn bis fuenfzehn region sechszehn bis drei,samstag kalt kuehl weniger nord stark sturm
ost warm region bis dreissig grad region ueberspringen kuehl nur sechszehn grad,ab sonntag temperatur sued sonne lang
nord europa tief kommen,regen gewitter sturm koennen
wind wehen frisch kommen hoch sturm,ost suedost nacht anfang noch regen hagel
schoen abend machen posseuch gut,heute nacht trocken regen nord regen
ost sued heute nacht trocken auch klar dann sonst region regen,ix schnee koennen
fuenfzehn region sauer nur sechs grad,heute nacht klar stern koennen sehen wolke nah sued region nebel quell
montag sonne warm weiter,morgen wetter wieaussehen freitag acht zwanzig august
inkommend wetter wechselhaft,schottland wolke norwegen
kuehl hoch kommen kuehl,kommen naehern kommen deutsch land kuehl
morgen auch hoch luft viel sonne,skandinavien ix hoch mehr kommen
wieaussehen inkommend sonntag ost speziell schnee nord bleiben wind,deutsch l klar locker wolke
langsam warm fluss bis zwanzig grad region zwoelf bis achtzehn,aber nacht mehr wolke
regen negalpauch aber kuehl,mitte meer tief kommen nord kommen morgen fast region wolke himmel
nacht sylt dreizehn grad berg tal null grad,nord morgen muessen trocken dann region regen viel
mittwoch,bayern sachsen ix regen gewitter auch einpaar ix koennen sehen himmel
donnerstag deutsch land wechselhaft hauptsaechlich regen moeglich stark,nord regen
morgen imverlauf anfang freundlich aber wolke kommen ost,wochenende mehr warm wetter wechselhaft gewitter und sonne dabei
morgen ix wehen wehen ix nord frisch wind,morgen regen kommen west baden wuerttemberg
wetter wieaussehen morgen sonntag sechs september,jetzt wetter wieaussehen morgen samstag zweite april
naechste woche mild wechselhaft,fluss nord heute nacht noch wolke koennen schnee regen region
morgen vier grad region sechs bis elf grad fluss bis zwoelf grad,montag ueberall wechselhaft kuehl
tag minus drei nordost plus vierzehn grad sued,ab dienstag inkommend langsam wieder zurueck freundlich
mittwoch alle gut sonne schoen sechszehn bis fuenf zwanzig grad,a wetter sued deutschland kommen
andere temperatur,sonne gut
ost vier grad,hauptsaechlich wolke sonne wenig suedost regen koennen suedwest bisschen
mild acht bis grad,wind maessig frisch stark sturm berg schwer sturm suedost schwach
schoen abend posseuch machen gut,montag stark nordost regen dazu wind
jetzt wetter morgen donnerstag sieben sechs zwanzig august,wetter wieaussehen possmein samstag zwoelf dezember
suedost regen viel,teilweise regen kommen
ix schnee koennen klar,nordwest verschwinden nord koennen bisschen gewitter
tag west freundlich sonne dabei,wind heute nacht wehen nord sturm koennen sturm berg sturm orkan
wetter dienst warnung,ost see nord noch schnee schneien
nordwest kommen sonne meistens,wochenende hauptsaechlich sonne schoen warm mehr warm
ost druckflaeche stark besonders inkommend koennen gewitter regen,montag moeglich regen gewitter mehr wolke region warm sonne gut
so gewitter von nord region nord europa kommen warm luft kommen kuehl kuehl,dazu ix wind wehen leicht
wolke dabei nacht koennen kommen kommen tief suedost regen,jetzt wieaussehen wetter morgen freitag november
dazu koennen gewitter,sued wind nur schwach nord wehen bisschen kueste sturm wehen daswares
mehr freundlich,region wechselhaft suedost wechselhaft grund ungarn ix tief
darum warnung deutsch wetter dienst warnung informieren,luft kalt feucht darum kommen deutschland
auch ober fluss fluss,kommen was wochenende viel sonne temperatur steigen
auch kommen,auch nacht zwischen nacht imverlauf dann region regen region
bleiben imverlauf,klar ix nebel
morgen nord kaum gewitter region sonne,morgen region sonne ix bewoelkt
auch nah alpen moeglich nebel,sued besonders bayern wald bis alpen dann regen nach koennen
tag zehn grad bisschen nebel achtzehn grad fluss,deutsch wetter dienst schon warnung sturm koennen
freitag bisschen nord bisschen regen bisschen stellenweise grad ungefaehr,montag nacht kommen hier
skandinavien hoch kommen kalt kommen,abend himmel klar
kommen tief kommen kommen koennen schnee,morgen besonders region mehr freundlich lang dann schauer gewitter
kueste heute nacht regen region wolke bisschen trocken,nacht nord nordost wolke ost region ix regen
nord morgen koennen sonne,sonst region wolke locker
wie heute sonne oder nebel,doch wolke auch regen
nacht sechs,morgen zehn grad ix maximal siebzehn grad
tag vierzehn nordost nord regen zwanzig fluss,montag anfang los wechselhaft kuehl
morgen frueh langsam schnell bisschen bleiben trocken,tag region sonne suedwest bisschen
bisschen wolke aber negregen neghaben,ix schlecht boden frost moeglich
auch wind temperatur fuenf bis ungefaehr dreizehn grad,sued wind maessig nord wind stark einpaar sturm nord meer wie orkan
regen oder schnee vorsicht glatt frost,sehen kreisen regen kommen neghaben neghaben
kommen trotzdem regen,morgen regen nicht viel sonne menschen froh
suedost schwach wehen maessig,region sechs grad region minus eins bis fuenf vier grad
naechste woche wechselhaft wolke teil regen,jetzt wetter wieaussehen morgen donnerstag dritte dezember
koennen ix mehr kommen ab dienstag luft hoch hoeher temperatur hoeher mehr freundlich,region suedost meistens bewoelkt trocken sonne wolke
donnerstag bis sechs zwanzig grad viel sonne,suedost suedost locker nacht koennen gewitter
west mehr regen gewitter,nacht sturm
nacht nebel kommen bleiben klar himmel stern sehen,nah tief luft druck stark unterschied deshalb teil wind
schnee,kommen und inkommend hier wetter
freitag samstag wind regen sued freundlich trocken,darunter nebel lang inkommend sonne berg oben dann sonne
wehen wind schwach maessig berg frisch wehen,jetzt wetter wieaussehen morgen freitag neunte oktober
morgen wetter wieaussehen mittwoch juni,besonders nord heute nacht meistens wolke regen
sonntag west nordwest wieder wolke bisschen regen ost kommen freundlich,sued viel nebel hoch nebel morgen stark nebel
mehr schnee schneien moeglich auch moeglich,heute nacht allgaeu vier grad fluss nord dreizehn
wetter warnung von deutsch wetter dienst,ruhig trocken freundlich naechste bleiben
wind schwach wehen zeigenbildschirm,freitag sued suedwest schnee regen tief west regen
samstag nord regen region freundlich sued imverlauf regen,gut abend lieb zuschauer
sonntag alpen ix auch regen nord schauer mitte mehr freundlich sonne,morgen tag trueb
heute nacht klar stern koennen sehen suedost regen koennen nebel bereich,wind zeigenbildschirm schwach maessig
jetzt immoment nacht noch heiss morgen frueh mehr kalt,nord wind
lieb zuschauer gut abend,morgen ost zehn bis dreizehn west bis siebzehn grad
frisch morgen angenehm angenehm deutsch land,samstag wechselhaft
aber morgen dann viel regen region ost,freundlich nordost bereich
langsam sued mehr regen gewitter,sonntag regen teil gewitter
heute nacht nord klar stern koennen sehen,suedost durch regen
,inkommend tief kommen wetter wechselhaft temperatur
sued regen koennen dabei blitz donner,bereich region sued freundlich
region regen dabei nord und aufloesen sonne dabei,sonst viel wolke nord kommen regen gewitter koennen
nach mittag nordwest wolke koennen regen,sued region schwach maessig wind zeigenbildschirm
ab sued wetter wechselhaft wind,zehn elf temperatur sonst region zwei zwischen neun
ab dienstag sturm koennen,sued sonntag oft sonne sonst region wolke ort regen
teil regen berg koennen schnee,deutsch land kommen kuehl heiss getrennt warmfront
aber inkommend mild dann schnee grenze auf,deutsch land morgen hoch druck kommen sonne trocken
sued nebel nebel region koennen lang nebel,region ix kuehl fuenfzehn sechszehn drei zwanzig bis sechs zwanzig grad
nur wenn sonne haben grad nebel nur drei grad,nordost bleiben trocken
nacht temperatur neun,samstag regen wenig region manchmal ja
spaeter regen region,sonne moeglich
heute nacht elf grad berg allgaeu zehn bis fluss,samstag wind
lieb zuschauer gut abend,naechste woche weiter so
tag hauptsaechlich wolke nebel teil schnee schneien regen,nord nordost wolke morgen bisschen regen
suedwest sonne,heute nacht nord nordost ix regen
wenn klar moeglich nebel nord,morgen ueberwiegend wolke nebel auch sued ix sonne
morgen ueberwiegend wolke,nordost wolke ix bisschen regen
spaeter verschwinden,region sicher stark lage
wenn nebel neghaben freundlich,morgen nord acht suedwest siebzehn maximal
nord nacht gefahr sturm,dienstag hauptsaechlich sonne nordost wolke moeglich regen
heute nacht wahrscheinlich locker ort nebel haben lang,wetter morgen dienstag vierzehn september
tag vogel land minus acht nord minus drei grad,wochenende viel regen negalpauch negalpauch
wolke heute nacht nordwest wolke bisschen regen,gut abend lieb zuschauer
nacht sechs grad see minus drei,wieaussehen inkommend
leider durchgehend dauer regen nacht sued deutschland,mittwoch sonntag nord regen sued freundlich
jetzt wetter wieaussehen morgen mittwoch dreissig maerz,region kommen stark morgen viel sonne
berg ix regen,jetzt morgen wetter wieaussehen donnerstag dritte maerz
dienstag mitte ueberall viel sonne wolke locker trocken,nacht vierzehn region ost nur sechs grad
sued region vierhundert siebenhundert hoehe moeglich schnee enorm,morgen dreizehn region sonst fuenfzehn bis dreissig zwanzig grad
morgen temperatur null bis sieben grad fluss moeglich zehn grad,nacht schnee leicht kueste kueste regen dabei
morgen nord regen suedost nebel himmel,sonntag viel wolke regen ix schnee berg koennen schnee
kueste wind,wieaussehen wetter morgen sonntag fuenfte dezember
dazu sturm nord kueste sturm,heute nacht stern sehen nebel aber
nacht see morgen orkan haben deshalb frisch maessig,nordwest schauer sturm wehen
auch freitag bisschen wieder kuehl,nacht sturm berg orkan moeglich
schoen abend machen gut,temperatur
freitag mehr wolke negsonne nordost schnee schneien,nordwest freundlich
lieb zuschauer posseuch gut abend,wind zeigenbildschirm wind wehen wind koennen ost
bis ueber grad,heute nacht auch kommen
heute nacht schon west regen langsam kommen region,wahrscheinlich nebel klar
herbst,morgen ix moeglich nebel
schoen abend wuenschen,morgen ix nordost wolke ueberwiegend regen
region suedost sonne nordwest ueberwiegend wolke ix regen,heute abend sued region noch regen gewitter region klar himmel wolke
wetter wieaussehen morgen sonntag vierzehn februar,morgen nord wolke sonne wechselhaft moeglich regen gewitter
wieaussehen montag mal sonne mal wolke bisschen schnee,wind hauptsaechlich schwach maessig wehen
tief ix,morgen nord grad fluss vier grad
tag regen ix koennen schnee regen kalt ost,sonntag bleiben so
nordost tief kommen wolke regen,inkommend wetter wieaussehen morgen samstag achtzehn juli
jetzt wetter wieaussehen morgen dienstag sieben zwanzig juli,kommen kalt luft so deshalb luft wechselhaft
sued besser als nord,ost sued heute nacht ueberwiegend regen stark gewitter
heute nacht nord mitte regen alpen ix regen,deutsch wetter dienst sagen warnung
heute nacht zwischen fuenf zwischen zwischen tag mitte berg dreizehn,sued wehen
fuenf grad und fuenfzehn grad foehn,jetzt informieren wetter morgen montag acht zwanzig november
suedost freundlich sonne,morgen sued dauer nebel nur maximal elf
samstag sonntag dann wechselhaft ix regen besonders sonntag koennen sturm,sonntag montag bleiben so mehr kuehl wechselhaft
imverlauf imverlauf temperatur,nacht sieben sechs maximal vierzehn tag sued zwanzig grad region zwei
region sued mehr freundlich nord ort auch schauer gewitter,samstag sued freundlich nord einige regen
sonntag bis vier grad moeglich wieder unwetter,ost druck kuehl luft bleiben
wetter so knapp veraendern bleiben nebel trocken wetter,sh dann vor sonst brand burg morgen durchgehend regen
ost suedost meistens wolke bisschen schnee,samstag ix sonst bisschen regen sonst region freundlich trocken
heute nacht klar koennen minus fuenfzehn fuenfzehn grad nordost wehen minus drei grad,kueste grad
jetzt wetter voraus informieren morgen montag dreissig januar,morgen wind wehen schwach nord ueberwiegend
nacht trocken ix schnee meistens region,heute nacht ix unten alpen vier
nacht eins grad minus sieben region,so weiter mittwoch
region sonne sehen koennen,donnerstag heiss zurueck sued darum nord regen kuehl
montag weiter sonne west schauer gewitter,morgen wetter wieaussehen freitag zehnte oktober
ihr wissen sommer weiter laufen wieaussehen damen herren posseuch,nord heute nacht sturm
bleiben hoch tief hoch,morgen schwach maessig wehen
dann regen wind sturm west kommen,samstag dann regen kommen
nacht koennen bisschen regen gewitter berg ix,ost erstmal freundlich
viel regen neghaben,west loch sonne da
aus vierzehn bis achtzehn grad,mitte berg nordwest zwoelf grad wolke
morgen wechselhaft ix morgen besser ruhig,ost meistens sonne
nacht regen mehr region auch morgen schnee schneien nordost,montag inkommend naechste auch sonne aber schwer gewitter dabei
sued moeglich sonne bleiben trocken,sonst nur bisschen aber rechnen neghaben
sued wehen wehen nord frisch natur wehen stark sturm see berg stark schwer sturm erz berg,ihr schoen abend
nacht region ix dreizehn grad alpen drei grad,morgen ix wolke
wetter wechselhaft,region berg ix bisschen schnee schneien moeglich
zone negmoegen stark wolke oder regen,morgen temperatur vogel land maximal neun grad
kommen kalt kommen ix regen koennen,suedost deutsch region bleiben lang imverlauf gut imverlauf moeglich gewitter
morgen nordost noch regen schnee berg ix noch regen,nord morgen wechsel sonne wolke stark regen nach mittag
hoch kommen ost kommen morgen deutsch land viel sonne trocken,donnerstag freitag wetter bleiben
deshalb naechste woche,feucht warm heiss moeglich gewitter stark
imverlauf nacht nord wolke regen,ophelia kalt kommen mitte europa
tag sued unten kommen mehr regen tropfen,berg schnee
darunter imverlauf,naechste sonne kommen warm
regen schauer gewitter,schoen abend mitteilen
ostern wetter zufrieden,jetzt wieaussehen wetter morgen donnerstag neunzehn november
temperatur sued warm possmein,bisschen wehen temperatur alpen ix koennen bis zehn grad
nord morgen wolke regen regen,viel wasser ueberschwemmung
sued meistens trocken wolke nebel mal sonne,morgen suedost wolke hauptsaechlich alpen moeglich regen
imverlauf mitte auch wolke aufloesen,heute nacht acht bis zwei grad klar himmel boden frost
samstag auch dann sonntag schauer gewitter,heutenacht stern haben bisschen moeglich sonst null bis vier grad
suedost schnee region trocken minus acht bis eins zwischen,mittwoch donnerstag wechselhaft regen schnee auf schnee haben
berg meistens schnee berg sued regen ungefaehr zweihundert ix schnee,schottland region sued europa sued kommen dazwischen morgen luft mild
tag zwanzig grad sylt und neun zwanzig grad region region,inkommend
jetzt ost kommen schwuel luft aufziehen mehr,bisschen kuehl
neu kommen regen aber mehr angenehm nase,heute nacht besonders nord tag wind
heute nacht ab morgen nachmittag nord harz,nord stark sturm
nord morgen sieben region bis fuenfzehn,berg orkan moeglich
morgen meistens zwei bis sechs grad aber bayern region frost mitte region auch,heute nacht nord region elf grad region eins grad
regen region teilweise auch sonne dabei,nachmittag mitte region zehn grad sued sechszehn grad
mittwoch sonne nicht nur west regen dann beiseite,donnerstag besonders nordwest regen sturm koennen
sued noch bisschen noch wetter gut wetter,ix koennen gewitter
rest region mehr meistens wolke besonders kueste mehr regen,suedost sonne dabei
besonders nah nebel feld,west regen berg schnee dabei
morgen kommen schwarz wald region siebenhundert fuenfhundert,heute nacht nord meistens wolke region ix regen
morgen ix mild zwoelf nord zwei grad,nordwest region hauptsaechlich trocken manchmal wolke sonne teil nebel
jetzt wetter voraus informieren morgen donnerstag zwanzig januar,morgen suedost teil regen moeglich schnee
nacht koennen,nord region mehr gut manchmal wolke trocken
morgen schwach maessig zeigenbildschirm,schwach maessig kommen
morgen eins zwanzig bis neun zwanzig,mittwoch mischung wolke nebel nordwest bisschen regen region trocken
unten region inkommend wieaussehen teil wechselhaft sonne wolke gewitter,west nord stern koennen sehen negalpstimmt morgen koennen wieder regen
morgen wetter wieaussehen freitag zehnte juli,west wolke dick ix regen
samstag suedwest ueberwiegend trocken ix sonne schauer nord dann gewitter,berg schnee aber
samstag sonntag hoch spanien ix verbreiten sonne auch schon sommer temperatur,nordwest regen kommen
ost region ix sonne dann abend auch ix schauer ix,montag fast ueberall sonne meer see alpen haben mehr wolke wolke aber nur
moeglich heute nacht frost glatt vorsicht fluss moeglich plus acht,jetzt schoen abend tschuess
heute nacht sechs bis dreizehn grad tag temperatur steigen zehn grad alpen bis fuenf zwanzig grad west,wind maessig ix stark wehen
mittwoch sued nord bisschen regen sonst region freundlich,nord auch sturm
jetzt wetter wieaussehen morgen montag fuenfte juli,ix morgen zwei zwanzig zwanzig grad
tief europa diese nordwest morgen regen suedost gewitter,sechszehn grad
donnerstag nebel wolke,sonntag nord wolke ix regen
endlich sonne aber deutsch,sonst region viel sonne
mild mehr meer ix oder suedwest minus eins minus zwei grad ungefaehr,dienstag nacht kommen schauer gewitter
temperatur inkommend,aber russland ix trocken heiss scheinen fuenf dreissig bis vierzig grad
tag koennen dann sonne wolke wechselhaft,bleiben brand
morgen verbreiten,hier heute nacht suedost frisch zehn elf grad
inkommend mehr kalt weniger wind stark,jetzt wetter morgen donnerstag siebzehn dezember
berg region regen,tag auch regen
dienstag mittwoch tief kommen moeglich regen gewitter,ix west ix schnee scheinen moeglich glatt
schwarz wald zwanzig cm harz bis sechzig cm,mitte mal klar
region anders mild heute nacht,temperatur regen mehr kuehl sonst gut
a kommen samstag mehr sonne temperatur steigen,dazu enorm warm feucht koennen gewitter
jetzt wetter wieaussehen morgen mittwoch sechszehn februar zeigenbildschirm,deutsch wetter dienst bekanntgeben moeglich gewitter
wieaussehen wetter morgen freitag elf dezember,morgen vor mittag regen ost brand burg regen pommern
hoch kommen ost esbedeutet morgen freundlich wetter,grad inkommend
region sonne schauer gewitter sued ix enorm hagel stark regen,grund hoch tief wieder und sued luft feucht warm
nacht kommen regen stark ost suedost suedost klar sehen stern,abend gewitter koennen
heute nacht aufklaren morgen ab mittag schon nord see schon bisschen regen mild luft,jetzt wieaussehen morgen donnerstag achte april wetter
wochenende dann hoch kommen warm,schoen abend posseuch
mitte nord heute nacht regen ix,a sued sonne strahlen auch sued
sonntag alpen auch regen koennen,hier auch hier schaumal zeigenbildschirm
wetter samstag zehnte april wieaussehen zeigenbildschirm,aber samstag sonntag
nacht null bis zehn bis sieben grad,hier nacht bayern ix wald bisschen regen
jetzt wetter wieaussehen morgen donnerstag fuenfte vierte oktober,himmel sehen stern nebel
suedost meistens trocken,temperatur achtzehn zwischen fuenf grad
morgen stark wolke,morgen ix siebzehn grad
sonst region hauptsaechlich regen,neu woche wechselhaft
wind nord schwach maessig wehen schwach wehen,schoen abend wuenschen posseuch
heute nacht temperatur elf bis achtzehn grad,jetzt wetter wieaussehen morgen sonntag neunzehnte dezember
morgen ost region grad dreizehn grad,tief teil regen gefrieren
grossbritannien frankreich mitte europa tief kommen schneien regen nur,schwach wehen ix wehen ix wehen
wochenende montag dienstag nord kalt,schon warnung deutsch wetter dienst sturm koennen
region luft tief kommen dann sonntag schnee regen gefrieren,morgen neun grad achtzehn grad
morgen teil ueberwiegend wolke teil sonne ost meistens sonne dabei,mittwoch nordwest kommen schauer schauer teil gewitter
auch dienstag wolke mehr regen oder schnee,einpaartage bleiben so wechselhaft
heute nacht nord teil sturm meer orkan,temperatur selten
morgen regen nordost verschwinden schon regen,sonntag nord alpen ix sonne schauer sonst region freundlich
hoch kommen morgen soll einfluss deutsch land,tag ganztags mehr stark wolke oder nebel sonne kaum
heute nacht ruhrgebiet region zwanzig grad mitte berg elf grad,sonntag ab meer kommen bisschen mehr mild kommen
jetzt wetter morgen freitag vierzehn mai,dienstag schauer teil auch gewitter nord freundlich
region mehr sonne,morgen gewitter teil hagel sturm nacht kommen nord
warum heute nacht kalt zeigenbildschirm leicht frost minus eins minus vier nur west frost kein,west schnee regen glatt
nord tag kommen nochnicht sonne freundlich sonne dabei dann,inkommend dann mehr wechselhaft mild
nacht ix bisschen regen nord hoch schnee,wehen schwach frisch
region teil klar nord geben regen,heute nacht zwoelf grad region region eins grad bayern vier region
warnung unwetter deutsch wetter dienst,heiss bis acht zwanzig grad nord weniger
hauptsaechlich nord mitte regen gewitter,so manchmal enorm schnell ob schoen selbst leute muessen entscheidung geben
teil schnee schneien teil regen heute nacht moeglich regen mit eis glatt,schoen gut abend posseuch
schoen abend posseuch,bisschen warm kalt warm kalt wetter wetter wechselhaft neginkommend wieimmer
sued wehen sturm koennen nord schwer sturm,jetzt wetter wieaussehen morgen samstag eins zwanzig november
rostock acht region leipzig achtzehn grad zone,tief wieaussehen kommen nord heute nacht bisschen regen deutsch land
morgen a hoch kommen region freundlich,sonst hoch druck trocken teil freundlich morgen
dienstag kommen regen koennen gewitter unwetter regen hagel wind,tal nebel
ab mittag zwischen kommen stark regen,morgen lang dauer nebel nebel aber trocken
jetzt wetter morgen freitag drei zwanzig juli,mittag mehr freundlich
skandinavien nord wolke tief auch deutschland land region kommen,wind mehr kuehl auch
freitag bleiben warm nass samstag dann suedwest regen und kuehl,aber hier so herbst mild
morgen drei grad region bayern wald ix koeln,lieb zuschauer begruessen gut abend
mittwoch wind koennen sturm regen,ost sonne
wetter morgen dienstag sechs zwanzig januar,mittwoch hauptsaechlich nachmittag schauer gewitter
wind nord wehen wenig unten stark wehen,gleich wetter donnerstag
jetzt morgen wetter wieaussehen dienstag dreissig maerz,morgen bis nach mittag ost sonne
kuehl kommen wehen,dazu mehr wolke region kommen
temperatur samstag sonntag gleich,mittwoch rest schauer gewitter region
tag nordost sechszehn region ix fuenf zwanzig grad,mittag freundlich nord regen sued regen
gut abend lieb zuschauer,west fuenf cm regen schon autobahn lahm auto
viel schnee dezember tja selten bisher wenn ueber sicht null knapp region deutschland region schnee haben2,freuen
nord auch regen bleiben trocken,morgen sonne
wieaussehen inkommend mittwoch bleiben wolke ix koennen regen west sonne,schottland tief kommen morgen
wind schwach maessig ix,bayern sued warnung deutsch hier wetter dienst nacht sued
hallo gut abend,morgen wetter wieaussehen freitag zwanzig juli
winter schon haben mitte berg schon weiss boden,druck region kommen koennen
dann ruhig mehr auch bisschen sonne,dabei gewitter
suedwest tief kommen regen gewitter koennen deutsch wetter dienst warnung,auch dresden region regen koennen
sued schwach nord maessig kueste stark,ost deutsch land mehr regen oder schnee
morgen grad nord bis acht region,heute nacht sued gewitter ix sonst region regen koennen auch nebel
sonne auch teil regen stark gewitter,spaeter bisschen mehr trocken region
freitag mehr kuehl,abend lieb zuschauer
regen kommen region region sued,region wetter unterschied
heute nacht dreizehn bis fuenf grad alpen null,heute nacht ost region regen gewitter koennen wind schnee
nach mittag gewitter regen,ix text maessig internet anschauen koennen
morgen temperatur acht bis sechszehn grad,dann bis vier zwanzig grad
region warm grad aber suedost bayern warm,sued region bis sechs zwanzig grad
dann wind wehen nord wehen berg koennen sturm,e region inkommend zweitag wetter tief kommen
jetzt wetter morgen sonntag morgen dezember wieaussehen,nord heute nacht minus eins zwei berg bis minus fuenfzehn grad
morgen sonne kommen,mehr ruhig
sued schwach wehen deutsch maessig wind,region viel sonne bisschen wolke
morgen achtzehn grad sieben zwanzig grad,suedost morgen wolke viel schnee schneien
jetzt wetter wieaussehen morgen sonntag siebte oktober,wieder schnee ueber dreihundert meter nach mittag regen kommen berlin
land tief tief kommen kommen,jetzt wetter voraus informieren morgen mittwoch neunzehn januar
teil teil wolke nebel bleiben trocken,sonne selten nur wolke hauptsaechlich
nord nordost wolke bisschen,sued auch viel wolke oder nebel aber regen sued kaum
heute nacht plus fuenf region region frost minus,boden moeglich flach schnee
